+------------------+----------------------+--------------------------------+----------------------------------------------------+
| customer_id      | customer_first_name  | customer_last_name             | customer_email_address                             |
+------------------+----------------------+--------------------------------+----------------------------------------------------+
| AAAAAAAAAAADAAAA | Nancy                | Dillon                         | Nancy.Dillon@1Rvb68jkm.org                         |
| AAAAAAAAAAAFDAAA | Robert               | Landry                         | Robert.Landry@PsOX552OXVGM56.com                   |
| AAAAAAAAAAAGDAAA | Jo                   | Ward                           | Jo.Ward@msLkNhH1S9zLtbJ4tvS.edu                    |
| AAAAAAAAAAAKAAAA | Michelle             | Gresham                        | Michelle.Gresham@CxiJ.com                          |
| AAAAAAAAAAAKBAAA | Dianne               | Salmon                         | Dianne.Salmon@28sIqzXO.com                         |
| AAAAAAAAAAAKCAAA | Anthony              | Valerio                        | Anthony.Valerio@d6nmbguQn4MB6FSz.com               |
| AAAAAAAAAAAMBAAA | Annie                | Lyons                          | Annie.Lyons@DsIOb8gNj2DGrOVbo.edu                  |
| AAAAAAAAAABAEAAA | David                | Mosley                         | David.Mosley@qsA.edu                               |
| AAAAAAAAAABBCAAA | Mandy                | Hammett                        | Mandy.Hammett@AJGSmmx8X28s.edu                     |
| AAAAAAAAAABBDAAA | Barbara              | White                          | Barbara.White@HyQ1R43LlYfsL.com                    |
| AAAAAAAAAABEBAAA | Lisa                 | Weaver                         | Lisa.Weaver@aMT6mRKP9L.edu                         |
| AAAAAAAAAABHEAAA | Della                | Perron                         | Della.Perron@B0mm9lzKxYB3hS.org                    |
| AAAAAAAAAACBEAAA | Gabrielle            | Fitzgerald                     | Gabrielle.Fitzgerald@BnGR4FNVd0dY.org              |
| AAAAAAAAAACEEAAA | Richard              | Smith                          | Richard.Smith@iKJ9fd.com                           |
| AAAAAAAAAACLEAAA | Frank                | Battle                         | Frank.Battle@sS0jhFXU3QqunaEFH.com                 |
| AAAAAAAAAADACAAA | Nicholas             | Steele                         | NULL                                               |
| AAAAAAAAAADADAAA | Betty                | Williams                       | Betty.Williams@Hri8BMMaIvFg8.com                   |
| AAAAAAAAAADBDAAA | Jenell               | Murray                         | Jenell.Murray@Qi1zAIKtj.org                        |
| AAAAAAAAAADBFAAA | Clarence             | Schulz                         | NULL                                               |
| AAAAAAAAAADCDAAA | Nicholas             | Brown                          | Nicholas.Brown@LfyHLLvRtiyb1vRs2f.org              |
| AAAAAAAAAADCFAAA | Lynda                | Peeples                        | Lynda.Peeples@2s.edu                               |
| AAAAAAAAAADFCAAA | Marilyn              | Jimenez                        | Marilyn.Jimenez@Xd1iroiiC9.com                     |
| AAAAAAAAAADFDAAA | Randall              | Smith                          | Randall.Smith@cX.org                               |
| AAAAAAAAAADMAAAA | Linda                | Fuller                         | Linda.Fuller@74cRU7hjaf.org                        |
| AAAAAAAAAADNAAAA | Richard              | Leach                          | Richard.Leach@qYS.edu                              |
| AAAAAAAAAADPCAAA | Norman               | Eck                            | Norman.Eck@7lp.org                                 |
| AAAAAAAAAAEFEAAA | Wayne                | Coble                          | Wayne.Coble@YgcTMHB9aVjF.edu                       |
| AAAAAAAAAAENCAAA | Chad                 | Jones                          | Chad.Jones@qbCk6k5JJC.edu                          |
| AAAAAAAAAAFCBAAA | Lance                | Schneider                      | Lance.Schneider@SuTFArRHC.com                      |
| AAAAAAAAAAFDBAAA | James                | Lund                           | James.Lund@NOs9d344AlMT.com                        |
| AAAAAAAAAAFDDAAA | Alvin                | Fox                            | Alvin.Fox@NcXYcxVAgHfK1Ms.com                      |
| AAAAAAAAAAFIEAAA | Tamara               | Tyler                          | Tamara.Tyler@M.org                                 |
| AAAAAAAAAAFJBAAA | Rogelio              | Anderson                       | Rogelio.Anderson@aXhKorV5fFY.com                   |
| AAAAAAAAAAFMBAAA | Gilbert              | Hunter                         | Gilbert.Hunter@6MvHno.com                          |
| AAAAAAAAAAFNDAAA | Ramon                | Obrien                         | Ramon.Obrien@4KOtvmfHAP.com                        |
| AAAAAAAAAAGAFAAA | Freeman              | Hernandez                      | Freeman.Hernandez@Ika6KYcggd64.com                 |
| AAAAAAAAAAGDCAAA | Sherry               | Sanchez                        | Sherry.Sanchez@gR6CzkkAn6c5.edu                    |
| AAAAAAAAAAGFCAAA | Audra                | Anderson                       | Audra.Anderson@TSULoF.com                          |
| AAAAAAAAAAGHAAAA | Melody               | Harvey                         | Melody.Harvey@juUbJBlIxXr6RQco.com                 |
| AAAAAAAAAAGIDAAA | Tyler                | Thompson                       | Tyler.Thompson@zPtEkD9pZ.org                       |
| AAAAAAAAAAGMDAAA | Melissa              | Holt                           | Melissa.Holt@p5GeTG2xSeae.com                      |
| AAAAAAAAAAGPDAAA | NULL                 | Sturdivant                     | NULL                                               |
| AAAAAAAAAAHADAAA | Thomas               | Nation                         | Thomas.Nation@cuBpa9Gyjzc.edu                      |
| AAAAAAAAAAHDDAAA | Brad                 | Carlson                        | Brad.Carlson@UzG5j1.com                            |
| AAAAAAAAAAHEBAAA | NULL                 | NULL                           | Christopher.Miller@cxtUdbgdnuScZJszedha.com        |
| AAAAAAAAAAHGAAAA | Jeffrey              | Adams                          | Jeffrey.Adams@ac3SSYGl5Yd0JQt.edu                  |
| AAAAAAAAAAHGBAAA | Kyle                 | NULL                           | Kyle.Durham@F06OLZsh6OBTJ9Y66.edu                  |
| AAAAAAAAAAHGEAAA | Robert               | Bader                          | Robert.Bader@jjUFROj0Dbqj.com                      |
| AAAAAAAAAAHHEAAA | Richard              | Callahan                       | Richard.Callahan@76QkoJYPLT7rPhBy.com              |
| AAAAAAAAAAHMBAAA | Fred                 | Gill                           | Fred.Gill@5ajt.org                                 |
| AAAAAAAAAAHPCAAA | Richard              | Rogers                         | Richard.Rogers@IcgYuqqKse0NVvBITk8.org             |
| AAAAAAAAAAIBAAAA | Craig                | Scully                         | Craig.Scully@nlGNGnArcvn.org                       |
| AAAAAAAAAAICDAAA | Pedro                | Flores                         | Pedro.Flores@Mu.org                                |
| AAAAAAAAAAIDEAAA | Raymon               | Allen                          | Raymon.Allen@NJCFaFq.com                           |
| AAAAAAAAAAIDFAAA | Kenneth              | Mohr                           | Kenneth.Mohr@3Ux3P.edu                             |
| AAAAAAAAAAIFBAAA | Elizabeth            | Odell                          | Elizabeth.Odell@b.com                              |
| AAAAAAAAAAIFCAAA | Dudley               | Dixon                          | Dudley.Dixon@opyGnz.com                            |
| AAAAAAAAAAIIEAAA | Ricky                | Gunther                        | Ricky.Gunther@FIQ5A5TVNOGHxNBPA.com                |
| AAAAAAAAAAIMAAAA | Johnathan            | James                          | Johnathan.James@NcncF43.edu                        |
| AAAAAAAAAAIMEAAA | NULL                 | Robinson                       | NULL                                               |
| AAAAAAAAAAINBAAA | Roberta              | Williams                       | Roberta.Williams@1iY2EyXyHcti.com                  |
| AAAAAAAAAAJBAAAA | Frank                | Johnson                        | Frank.Johnson@aRaLLzKen.com                        |
| AAAAAAAAAAJCBAAA | Joey                 | Knoll                          | Joey.Knoll@9vad5GJ7TRS.com                         |
| AAAAAAAAAAJDEAAA | James                | Stoker                         | James.Stoker@4vIaEUunqE.edu                        |
| AAAAAAAAAAJDFAAA | Raul                 | Hardy                          | Raul.Hardy@89P.edu                                 |
| AAAAAAAAAAJEFAAA | Charles              | Barker                         | Charles.Barker@NRlJ7ZHc5b7DbV.com                  |
| AAAAAAAAAAJHCAAA | Joni                 | Boyles                         | Joni.Boyles@V5E2UfM18oOOHd.org                     |
| AAAAAAAAAAJNBAAA | James                | Johnson                        | James.Johnson@evBZ.com                             |
| AAAAAAAAAAJOCAAA | Manuela              | Porter                         | Manuela.Porter@Eu2I2DJjQu4k8TK.edu                 |
| AAAAAAAAAAKADAAA | Lorraine             | Hanson                         | Lorraine.Hanson@6v7R79N3nSBTgqX8.org               |
| AAAAAAAAAAKAFAAA | Marlene              | Taylor                         | Marlene.Taylor@rQdfoMhx.edu                        |
| AAAAAAAAAAKCCAAA | Julia                | Travis                         | Julia.Travis@SJ1zMOQ2NC0yLZMdi.edu                 |
| AAAAAAAAAAKDCAAA | Sandra               | Mccarthy                       | Sandra.Mccarthy@qU7CEXK1uofvtH.org                 |
| AAAAAAAAAAKDEAAA | Julie                | Moses                          | Julie.Moses@2Esm9x7QHazA2JQ.edu                    |
| AAAAAAAAAAKFBAAA | NULL                 | NULL                           | NULL                                               |
| AAAAAAAAAAKIDAAA | Kurt                 | Lang                           | Kurt.Lang@lsrj452zYhh.edu                          |
| AAAAAAAAAAKKEAAA | Wayne                | Cook                           | Wayne.Cook@KGAmbxoJmzLKeR4v.com                    |
| AAAAAAAAAAKPAAAA | Norman               | Zepeda                         | Norman.Zepeda@tRqyLl.com                           |
| AAAAAAAAAALBFAAA | Michele              | NULL                           | NULL                                               |
| AAAAAAAAAALHCAAA | Howard               | Wilcox                         | Howard.Wilcox@mS.com                               |
| AAAAAAAAAALJEAAA | Margery              | Ornelas                        | Margery.Ornelas@BBuHjejyPZ9.com                    |
| AAAAAAAAAALLAAAA | Harry                | Cortez                         | Harry.Cortez@p7RvzmGAdTVrhJyD.org                  |
| AAAAAAAAAALLBAAA | Teresa               | Devito                         | Teresa.Devito@Ze5gsihmEoPmZHr.org                  |
| AAAAAAAAAALMDAAA | Rebecca              | Leon                           | Rebecca.Leon@D415F.com                             |
| AAAAAAAAAAMBAAAA | Amanda               | Smith                          | Amanda.Smith@SU32b0aBuA.com                        |
| AAAAAAAAAAMCDAAA | Jose                 | Stanton                        | Jose.Stanton@8vMtpJZl00.edu                        |
| AAAAAAAAAAMCFAAA | Nicholas             | Guffey                         | Nicholas.Guffey@h9IO4smxpDVyV.org                  |
| AAAAAAAAAAMGCAAA | Ryan                 | Lynn                           | Ryan.Lynn@sA5.edu                                  |
| AAAAAAAAAAMHDAAA | Melva                | Jeffries                       | Melva.Jeffries@QVGeJyHN.com                        |
| AAAAAAAAAAMIAAAA | Dale                 | Ricks                          | Dale.Ricks@rSni6IMk9i.com                          |
| AAAAAAAAAAMJAAAA | NULL                 | Farris                         | NULL                                               |
| AAAAAAAAAAMKAAAA | Melva                | Thomas                         | Melva.Thomas@AiVpqtr6Cagc1pS.edu                   |
| AAAAAAAAAANBCAAA | Donna                | Woodworth                      | Donna.Woodworth@PvvFQZi5Ryxen.edu                  |
| AAAAAAAAAANKAAAA | Kathryn              | Hall                           | Kathryn.Hall@6KT8.com                              |
| AAAAAAAAAAOBBAAA | William              | Ingle                          | William.Ingle@R4BE.org                             |
| AAAAAAAAAAOEFAAA | Lourdes              | Bell                           | Lourdes.Bell@t.org                                 |
| AAAAAAAAAAOFEAAA | Linda                | York                           | Linda.York@M.com                                   |
| AAAAAAAAAAOGBAAA | Clyde                | Riggs                          | Clyde.Riggs@ADT.edu                                |
| AAAAAAAAAAOGEAAA | NULL                 | NULL                           | Ruby.Reynolds@VlKNSx4IL0oE0.org                    |
| AAAAAAAAAAOHBAAA | Rosa                 | Fleming                        | Rosa.Fleming@SQAbZU.org                            |
+------------------+----------------------+--------------------------------+----------------------------------------------------+
