+------------------+----------------------+--------------------------------+----------------------------------------------------+
| customer_id      | customer_first_name  | customer_last_name             | customer_email_address                             |
+------------------+----------------------+--------------------------------+----------------------------------------------------+
| AAAAAAAAAAAABAAA | Robert               | Sanders                        | Robert.Sanders@s9GHCiYVAhoag.edu                   |
| AAAAAAAAAAABDAAA | Julie                | Gill                           | Julie.Gill@GemzqfJTkMOEtNqok.edu                   |
| AAAAAAAAAAABEAAA | NULL                 | Lester                         | NULL                                               |
| AAAAAAAAAAACCAAA | Terry                | Simmons                        | Terry.Simmons@1r68pfc.com                          |
| AAAAAAAAAAADAAAA | Nancy                | Dillon                         | Nancy.Dillon@1Rvb68jkm.org                         |
| AAAAAAAAAAADDAAA | Tommy                | Ayala                          | Tommy.Ayala@Ham56nva90IMtGgL.org                   |
| AAAAAAAAAAADLAAA | Scott                | Weems                          | Scott.Weems@aCRYke2.com                            |
| AAAAAAAAAAAECAAA | Elizabeth            | Nolan                          | Elizabeth.Nolan@CX.edu                             |
| AAAAAAAAAAAFAAAA | Raymond              | Jarrett                        | Raymond.Jarrett@jUt.com                            |
| AAAAAAAAAAAFEAAA | Javier               | Jernigan                       | Javier.Jernigan@G3svGr5EBd3Rm.edu                  |
| AAAAAAAAAAAGIAAA | Marilyn              | Reyes                          | Marilyn.Reyes@Q.com                                |
| AAAAAAAAAAAGJAAA | Amber                | Murdock                        | Amber.Murdock@lHIxvxuUD.com                        |
| AAAAAAAAAAAIGAAA | Paul                 | Henderson                      | Paul.Henderson@Q7qt9PcsR9k.org                     |
| AAAAAAAAAAAJCAAA | Errol                | Mclean                         | Errol.Mclean@1RRao41Qyf.com                        |
| AAAAAAAAAAAJDAAA | Israel               | Mclaughlin                     | Israel.Mclaughlin@d.com                            |
| AAAAAAAAAAAKGAAA | Rick                 | Hoyt                           | Rick.Hoyt@m4l0qbN.edu                              |
| AAAAAAAAAAALFAAA | William              | Weller                         | William.Weller@oOJ.org                             |
| AAAAAAAAAAALKAAA | William              | Custer                         | William.Custer@nkEyP1G8UaK8Dc.edu                  |
| AAAAAAAAAABCFAAA | Reuben               | Stanford                       | Reuben.Stanford@O2VAhRRpdzxq.org                   |
| AAAAAAAAAABFLAAA | John                 | Dawson                         | John.Dawson@rZ6Dp.org                              |
| AAAAAAAAAABGLAAA | Sophie               | Brooks                         | Sophie.Brooks@ATPXCoKo30A1m.com                    |
| AAAAAAAAAABHBAAA | Lawrence             | Holmes                         | Lawrence.Holmes@jf0O7bSqhekI.org                   |
| AAAAAAAAAABJBAAA | Ann                  | South                          | Ann.South@N.edu                                    |
| AAAAAAAAAABKHAAA | Michelle             | Perez                          | Michelle.Perez@7.com                               |
| AAAAAAAAAABNGAAA | Lionel               | Miller                         | Lionel.Miller@iVj3sdsdt4E0imu9.com                 |
| AAAAAAAAAABNIAAA | Kathryn              | Battle                         | Kathryn.Battle@t.edu                               |
| AAAAAAAAAACBDAAA | Paul                 | Foreman                        | Paul.Foreman@CNGxrAJtknOy0T9k.edu                  |
| AAAAAAAAAACCIAAA | Gretchen             | Dellinger                      | Gretchen.Dellinger@X3gI.edu                        |
| AAAAAAAAAACDKAAA | Andy                 | Ogle                           | Andy.Ogle@MuLI.edu                                 |
| AAAAAAAAAACECAAA | George               | Yang                           | George.Yang@VtQuRMM09BuO0.edu                      |
| AAAAAAAAAACICAAA | Lydia                | Kay                            | Lydia.Kay@bLf0mn3JQb.com                           |
| AAAAAAAAAACIJAAA | Mark                 | Reagan                         | Mark.Reagan@2tmV16ARUMAX.com                       |
| AAAAAAAAAACLEAAA | Frank                | Battle                         | Frank.Battle@sS0jhFXU3QqunaEFH.com                 |
| AAAAAAAAAACMGAAA | Jacob                | Boyd                           | Jacob.Boyd@KY2byl4pdHaS9gz.edu                     |
| AAAAAAAAAACNHAAA | Donna                | Farmer                         | Donna.Farmer@MJZIo6S1uDizqCN.edu                   |
| AAAAAAAAAACOGAAA | Bebe                 | Stone                          | Bebe.Stone@KP5bGMaMBv92Z8.org                      |
| AAAAAAAAAACPCAAA | Rick                 | Cannon                         | Rick.Cannon@Z6Hfevt.com                            |
| AAAAAAAAAADBCAAA | Victor               | Ramirez                        | Victor.Ramirez@IQ7G3L3r1H1Rp8.com                  |
| AAAAAAAAAADCLAAA | James                | Jones                          | James.Jones@lX.org                                 |
| AAAAAAAAAADEHAAA | Frederick            | Barton                         | Frederick.Barton@8EIiPK.edu                        |
| AAAAAAAAAADEIAAA | Natasha              | Davis                          | Natasha.Davis@v.edu                                |
| AAAAAAAAAADEJAAA | Barbara              | White                          | Barbara.White@lkI2a9TGE.edu                        |
| AAAAAAAAAADFKAAA | Steve                | Lee                            | Steve.Lee@47LDD2uAA1Y.edu                          |
| AAAAAAAAAADGGAAA | Luis                 | Araujo                         | Luis.Araujo@TRZZqpaJBqcajG.org                     |
| AAAAAAAAAADGHAAA | Terrance             | Howell                         | Terrance.Howell@150G8cfs4oV.org                    |
| AAAAAAAAAADHIAAA | Linda                | Harmon                         | Linda.Harmon@Ajy88IUxOZNt.edu                      |
| AAAAAAAAAADJDAAA | Alphonso             | Price                          | Alphonso.Price@x38mDOsP.edu                        |
| AAAAAAAAAADJFAAA | Britteny             | Purnell                        | Britteny.Purnell@Ah.com                            |
| AAAAAAAAAADJKAAA | Mark                 | Lamb                           | Mark.Lamb@bU8jUHJio.edu                            |
| AAAAAAAAAADNDAAA | Bernadette           | Nieves                         | Bernadette.Nieves@5l4aaX2Q.edu                     |
| AAAAAAAAAADPAAAA | Steven               | Hopkins                        | Steven.Hopkins@ez.com                              |
| AAAAAAAAAADPBAAA | Sean                 | Smith                          | Sean.Smith@0XhoqRbox.org                           |
| AAAAAAAAAAEAHAAA | Susan                | Romero                         | Susan.Romero@fK0.com                               |
| AAAAAAAAAAEBDAAA | Alyssa               | Porter                         | Alyssa.Porter@xXFi7sA4MVKf.com                     |
| AAAAAAAAAAEBGAAA | Michelle             | Hebert                         | Michelle.Hebert@ANblE8fx8B.edu                     |
| AAAAAAAAAAECBAAA | Stuart               | Young                          | Stuart.Young@yAmrldP.edu                           |
| AAAAAAAAAAEDCAAA | Arthur               | Castellanos                    | Arthur.Castellanos@AVFczLo8Kq.edu                  |
| AAAAAAAAAAEFFAAA | Megan                | Allen                          | Megan.Allen@VaETqMfUeG0.org                        |
| AAAAAAAAAAEGGAAA | Tina                 | Delgado                        | Tina.Delgado@MQuq4uEm.com                          |
| AAAAAAAAAAEGHAAA | Valerie              | Harper                         | Valerie.Harper@r.org                               |
| AAAAAAAAAAEGIAAA | Robert               | Bailey                         | Robert.Bailey@0.org                                |
| AAAAAAAAAAEIGAAA | Nicole               | Reed                           | Nicole.Reed@uNt1kOPASS.edu                         |
| AAAAAAAAAAEIIAAA | Gerald               | Pearson                        | Gerald.Pearson@5eYDIa3.org                         |
| AAAAAAAAAAEJEAAA | Christine            | Bailey                         | Christine.Bailey@Oq0.org                           |
| AAAAAAAAAAELCAAA | Margaret             | Turner                         | Margaret.Turner@ohLkNL5nT8j8Y32zz.org              |
| AAAAAAAAAAEMBAAA | Jerry                | Kaplan                         | Jerry.Kaplan@ik8Bn.com                             |
| AAAAAAAAAAEMDAAA | Donna                | Rivera                         | Donna.Rivera@lGKB8dCHxV.com                        |
| AAAAAAAAAAENIAAA | Billy                | Cuellar                        | Billy.Cuellar@v.edu                                |
| AAAAAAAAAAEPEAAA | Jerome               | Fair                           | Jerome.Fair@eaOOCTkHKv2IT.com                      |
| AAAAAAAAAAFBIAAA | Jody                 | Henderson                      | Jody.Henderson@TJZ0gLBSInQP3HA3kYR.com             |
| AAAAAAAAAAFFDAAA | NULL                 | NULL                           | Lawrence.Scott@tbVM0vCgUEV8Q.edu                   |
| AAAAAAAAAAFFLAAA | Karen                | Downey                         | Karen.Downey@jF1xSbI1ebtH.org                      |
| AAAAAAAAAAFGGAAA | Mohammed             | Duke                           | Mohammed.Duke@vUHxu.edu                            |
| AAAAAAAAAAFGKAAA | Daniel               | Bey                            | Daniel.Bey@5uBn6p7axHXZKG9S.com                    |
| AAAAAAAAAAFHHAAA | Gary                 | Boles                          | Gary.Boles@jssHrDYo0t9rQk.com                      |
| AAAAAAAAAAFHJAAA | Donald               | Timmons                        | Donald.Timmons@OZgBp.com                           |
| AAAAAAAAAAFMGAAA | NULL                 | Wright                         | NULL                                               |
| AAAAAAAAAAFNBAAA | Lynell               | Woods                          | NULL                                               |
| AAAAAAAAAAFNDAAA | Ramon                | Obrien                         | Ramon.Obrien@4KOtvmfHAP.com                        |
| AAAAAAAAAAFODAAA | Willie               | Coy                            | Willie.Coy@HMKe.org                                |
| AAAAAAAAAAFOEAAA | Ada                  | Erickson                       | Ada.Erickson@2kUZJ.org                             |
| AAAAAAAAAAGBFAAA | Bettie               | Norton                         | Bettie.Norton@dqeiBb7SBxa1B.org                    |
| AAAAAAAAAAGDDAAA | Eric                 | Weber                          | Eric.Weber@r25rt8IjcN.edu                          |
| AAAAAAAAAAGDKAAA | Barbara              | Large                          | Barbara.Large@CDTP.edu                             |
| AAAAAAAAAAGEEAAA | Steven               | Guess                          | NULL                                               |
| AAAAAAAAAAGEGAAA | Robert               | Griffin                        | Robert.Griffin@fP8jrJ.edu                          |
| AAAAAAAAAAGIDAAA | Tyler                | Thompson                       | Tyler.Thompson@zPtEkD9pZ.org                       |
| AAAAAAAAAAGIGAAA | Christine            | Jefferson                      | Christine.Jefferson@PNz7P8oa7pyAd.com              |
| AAAAAAAAAAGJBAAA | NULL                 | Rouse                          | Ruby.Rouse@UA.edu                                  |
| AAAAAAAAAAGLBAAA | Harold               | NULL                           | NULL                                               |
| AAAAAAAAAAGMIAAA | David                | Williams                       | David.Williams@2LhQJ4lDI3.org                      |
| AAAAAAAAAAGMKAAA | Margie               | Sheridan                       | Margie.Sheridan@svY9r.org                          |
| AAAAAAAAAAGOGAAA | Ramon                | Wells                          | Ramon.Wells@bMEJxxSDv2VsIG.com                     |
| AAAAAAAAAAHBDAAA | Bessie               | Kane                           | Bessie.Kane@OlOdG6bl6bO.org                        |
| AAAAAAAAAAHBGAAA | Richard              | Myles                          | Richard.Myles@um3FnE7DRaOERPU.com                  |
| AAAAAAAAAAHBKAAA | Michael              | Grant                          | Michael.Grant@nVmoSngeCe17v.org                    |
| AAAAAAAAAAHDBAAA | Carolyn              | Stringer                       | Carolyn.Stringer@X2.edu                            |
| AAAAAAAAAAHFJAAA | Olga                 | Wood                           | Olga.Wood@dDZ6arfYd.com                            |
| AAAAAAAAAAHIFAAA | Edwina               | Ellis                          | Edwina.Ellis@VAbtvFrvtRmC.com                      |
| AAAAAAAAAAHJDAAA | Herbert              | Hardy                          | Herbert.Hardy@YDivQAM.org                          |
+------------------+----------------------+--------------------------------+----------------------------------------------------+
