+------------------+----------------------+--------------------------------+----------------------------------------------------+
| customer_id      | customer_first_name  | customer_last_name             | customer_email_address                             |
+------------------+----------------------+--------------------------------+----------------------------------------------------+
| AAAAAAAAAAAABAAA | Robert               | Sanders                        | Robert.Sanders@s9GHCiYVAhoag.edu                   |
| AAAAAAAAAAAAGAAA | Linda                | Morris                         | Linda.Morris@OifYCY3LLK8XPaYv.edu                  |
| AAAAAAAAAAAAHAAA | Linda                | Silva                          | Linda.Silva@oBMezdpcGR.com                         |
| AAAAAAAAAAAAKAAA | Bertha               | Caldwell                       | Bertha.Caldwell@H.org                              |
| AAAAAAAAAAACCAAA | Terry                | Simmons                        | Terry.Simmons@1r68pfc.com                          |
| AAAAAAAAAAACFAAA | Catherine            | Grace                          | Catherine.Grace@k4.org                             |
| AAAAAAAAAAADAAAA | Nancy                | Dillon                         | Nancy.Dillon@1Rvb68jkm.org                         |
| AAAAAAAAAAADDAAA | Tommy                | Ayala                          | Tommy.Ayala@Ham56nva90IMtGgL.org                   |
| AAAAAAAAAAADHAAA | Harold               | NULL                           | Harold.Anderson@G0o0nETZqeOTTSN6op.edu             |
| AAAAAAAAAAAEAAAA | Tom                  | Mcgrath                        | Tom.Mcgrath@xpKqSq.org                             |
| AAAAAAAAAAAECAAA | Elizabeth            | Nolan                          | Elizabeth.Nolan@CX.edu                             |
| AAAAAAAAAAAFGAAA | Jeraldine            | Montano                        | Jeraldine.Montano@tfRd5zkk6fK3k5y.org              |
| AAAAAAAAAAAFJAAA | Latosha              | Burbank                        | Latosha.Burbank@zRH39mh1b.edu                      |
| AAAAAAAAAAAGDAAA | Jo                   | Ward                           | Jo.Ward@msLkNhH1S9zLtbJ4tvS.edu                    |
| AAAAAAAAAAAGFAAA | Terry                | Brown                          | Terry.Brown@NNyMEcGvfI.com                         |
| AAAAAAAAAAAGIAAA | Marilyn              | Reyes                          | Marilyn.Reyes@Q.com                                |
| AAAAAAAAAAAGJAAA | Amber                | Murdock                        | Amber.Murdock@lHIxvxuUD.com                        |
| AAAAAAAAAAAHKAAA | Aura                 | Johnston                       | Aura.Johnston@X1GpO4GEz.edu                        |
| AAAAAAAAAAAIGAAA | Paul                 | Henderson                      | Paul.Henderson@Q7qt9PcsR9k.org                     |
| AAAAAAAAAAAJDAAA | Israel               | Mclaughlin                     | Israel.Mclaughlin@d.com                            |
| AAAAAAAAAAAJIAAA | Jason                | Butts                          | Jason.Butts@9vbQc75D5s.edu                         |
| AAAAAAAAAAAKGAAA | Rick                 | Hoyt                           | Rick.Hoyt@m4l0qbN.edu                              |
| AAAAAAAAAAAKIAAA | Steven               | Cline                          | Steven.Cline@1.com                                 |
| AAAAAAAAAAALLAAA | Tammy                | Martinez                       | NULL                                               |
| AAAAAAAAAAAMGAAA | Mark                 | Dejesus                        | Mark.Dejesus@HXStpVxCIKtEmVu.org                   |
| AAAAAAAAAAANIAAA | Jerica               | Jones                          | Jerica.Jones@HH6grhqGNagtlNj9q.edu                 |
| AAAAAAAAAAAOEAAA | Craig                | Harris                         | Craig.Harris@Xc2E.org                              |
| AAAAAAAAAAAOIAAA | Jessica              | Ellis                          | Jessica.Ellis@NT1q3o2d0ZV9aU.org                   |
| AAAAAAAAAAAPAAAA | Robert               | Cox                            | Robert.Cox@PxitOM4IJJXJv.org                       |
| AAAAAAAAAABAFAAA | Dewitt               | Mendoza                        | Dewitt.Mendoza@YfFqOtd3T1.org                      |
| AAAAAAAAAABAKAAA | Charles              | Wong                           | Charles.Wong@orZTVZ2N.edu                          |
| AAAAAAAAAABBEAAA | Marlene              | Joyce                          | Marlene.Joyce@NGYJmNulvrE.edu                      |
| AAAAAAAAAABBFAAA | Sylvester            | Lawrence                       | Sylvester.Lawrence@U8.com                          |
| AAAAAAAAAABCDAAA | Jennifer             | Mclaughlin                     | Jennifer.Mclaughlin@L33sZyLPN.com                  |
| AAAAAAAAAABCFAAA | Reuben               | Stanford                       | Reuben.Stanford@O2VAhRRpdzxq.org                   |
| AAAAAAAAAABCLAAA | Judith               | Collins                        | Judith.Collins@DbXtpJ.edu                          |
| AAAAAAAAAABFKAAA | Carlos               | Winstead                       | Carlos.Winstead@M1LqRQg8C97.edu                    |
| AAAAAAAAAABHAAAA | Joseph               | Nash                           | Joseph.Nash@ejTxyfkEyYRb.org                       |
| AAAAAAAAAABHBAAA | Lawrence             | Holmes                         | Lawrence.Holmes@jf0O7bSqhekI.org                   |
| AAAAAAAAAABIFAAA | Walter               | Gallegos                       | Walter.Gallegos@tPHDG2gldO449f8.org                |
| AAAAAAAAAABJBAAA | Ann                  | South                          | Ann.South@N.edu                                    |
| AAAAAAAAAABJLAAA | Ruby                 | Ray                            | Ruby.Ray@K4tvMjbdI1AMg.com                         |
| AAAAAAAAAABKAAAA | Sam                  | Swank                          | Sam.Swank@ma2b6mttuuKh5.edu                        |
| AAAAAAAAAABKHAAA | Michelle             | Perez                          | Michelle.Perez@7.com                               |
| AAAAAAAAAABLDAAA | Hilda                | Fryer                          | Hilda.Fryer@AUmk08Zv.com                           |
| AAAAAAAAAABLHAAA | Wendy                | Pearl                          | Wendy.Pearl@9B4fVJVvDmusy8G.com                    |
| AAAAAAAAAABMAAAA | Richard              | Nunez                          | Richard.Nunez@4pMnX3Z1TU.edu                       |
| AAAAAAAAAABMGAAA | Rafael               | Burch                          | Rafael.Burch@vyUMoGBpqM.edu                        |
| AAAAAAAAAABNCAAA | Phyllis              | Jennings                       | Phyllis.Jennings@o2ODnOjAFgZCHSM9.org              |
| AAAAAAAAAABNGAAA | Lionel               | Miller                         | Lionel.Miller@iVj3sdsdt4E0imu9.com                 |
| AAAAAAAAAABPBAAA | Michael              | Reardon                        | Michael.Reardon@etdKLVZ5FLb6s.org                  |
| AAAAAAAAAACBJAAA | Ruth                 | Wiggins                        | Ruth.Wiggins@QDVpQ5pbg.edu                         |
| AAAAAAAAAACDKAAA | Andy                 | Ogle                           | Andy.Ogle@MuLI.edu                                 |
| AAAAAAAAAACEGAAA | April                | Scott                          | April.Scott@CAlBmcIbxVKrY7Jm.com                   |
| AAAAAAAAAACELAAA | Alisa                | Adams                          | Alisa.Adams@FkhiMx2Z.com                           |
| AAAAAAAAAACGBAAA | Joshua               | Wood                           | Joshua.Wood@yhuq88QLny.edu                         |
| AAAAAAAAAACGEAAA | Delinda              | Anderson                       | Delinda.Anderson@Mgc6.org                          |
| AAAAAAAAAACGGAAA | Robbie               | Cowan                          | Robbie.Cowan@qytkzAy.edu                           |
| AAAAAAAAAACGIAAA | Sybil                | Vargas                         | Sybil.Vargas@VJ30aLuss4.edu                        |
| AAAAAAAAAACHEAAA | Gilbert              | Kent                           | Gilbert.Kent@aDHMpAOMbOR1FrGc.org                  |
| AAAAAAAAAACICAAA | Lydia                | Kay                            | Lydia.Kay@bLf0mn3JQb.com                           |
| AAAAAAAAAACIIAAA | Willa                | Torres                         | Willa.Torres@hp6VyBXHPz.edu                        |
| AAAAAAAAAACJBAAA | George               | Lennon                         | George.Lennon@aj1FLprYR7.edu                       |
| AAAAAAAAAACJIAAA | Keturah              | Stokes                         | Keturah.Stokes@qBPRZrnqxR.com                      |
| AAAAAAAAAACLJAAA | Myrna                | Hall                           | Myrna.Hall@ARPvrE8DojsroFVmzM9.org                 |
| AAAAAAAAAACMGAAA | Jacob                | Boyd                           | Jacob.Boyd@KY2byl4pdHaS9gz.edu                     |
| AAAAAAAAAACNHAAA | Donna                | Farmer                         | Donna.Farmer@MJZIo6S1uDizqCN.edu                   |
| AAAAAAAAAACOGAAA | Bebe                 | Stone                          | Bebe.Stone@KP5bGMaMBv92Z8.org                      |
| AAAAAAAAAACPCAAA | Rick                 | Cannon                         | Rick.Cannon@Z6Hfevt.com                            |
| AAAAAAAAAADAGAAA | Stephanie            | Caron                          | Stephanie.Caron@N1nObAPz.edu                       |
| AAAAAAAAAADCCAAA | Jeanette             | Richardson                     | Jeanette.Richardson@TtHUbglAJ.edu                  |
| AAAAAAAAAADDEAAA | William              | James                          | William.James@a7nPuBk.org                          |
| AAAAAAAAAADDHAAA | Tony                 | Stinnett                       | Tony.Stinnett@tUP3Zq.com                           |
| AAAAAAAAAADEGAAA | Ivy                  | Vu                             | Ivy.Vu@00FyhY2eEaB3.org                            |
| AAAAAAAAAADEIAAA | Natasha              | Davis                          | Natasha.Davis@v.edu                                |
| AAAAAAAAAADFFAAA | Frank                | Daugherty                      | Frank.Daugherty@jq7mkR8xVx0c.org                   |
| AAAAAAAAAADFKAAA | Steve                | Lee                            | Steve.Lee@47LDD2uAA1Y.edu                          |
| AAAAAAAAAADGHAAA | Terrance             | Howell                         | Terrance.Howell@150G8cfs4oV.org                    |
| AAAAAAAAAADIGAAA | Hassan               | Seifert                        | Hassan.Seifert@DjMgxeBH3L1XQU8lq.org               |
| AAAAAAAAAADJJAAA | Patrick              | Anderson                       | Patrick.Anderson@c7OJIV.edu                        |
| AAAAAAAAAADJKAAA | Mark                 | Lamb                           | Mark.Lamb@bU8jUHJio.edu                            |
| AAAAAAAAAADKFAAA | Paul                 | Rodgers                        | Paul.Rodgers@K0YfIR.edu                            |
| AAAAAAAAAADMEAAA | Michael              | Dees                           | Michael.Dees@zBsqn9cJ2Xszs.com                     |
| AAAAAAAAAADNDAAA | Bernadette           | Nieves                         | Bernadette.Nieves@5l4aaX2Q.edu                     |
| AAAAAAAAAADNGAAA | NULL                 | NULL                           | NULL                                               |
| AAAAAAAAAADNJAAA | Kayla                | Young                          | Kayla.Young@THIrzJh4b8oho0.org                     |
| AAAAAAAAAADPAAAA | Steven               | Hopkins                        | Steven.Hopkins@ez.com                              |
| AAAAAAAAAADPBAAA | Sean                 | Smith                          | Sean.Smith@0XhoqRbox.org                           |
| AAAAAAAAAADPIAAA | Henry                | Keller                         | Henry.Keller@0IeOp3YURxtHjr.com                    |
| AAAAAAAAAAEAFAAA | Marta                | Bennett                        | Marta.Bennett@Z4hgnOZ.edu                          |
| AAAAAAAAAAEAGAAA | Melissa              | Martinez                       | Melissa.Martinez@b.edu                             |
| AAAAAAAAAAEAHAAA | Susan                | Romero                         | Susan.Romero@fK0.com                               |
| AAAAAAAAAAEBGAAA | Michelle             | Hebert                         | Michelle.Hebert@ANblE8fx8B.edu                     |
| AAAAAAAAAAEBHAAA | Laurie               | Fredrickson                    | Laurie.Fredrickson@JrH3KQ6nKUIpb.com               |
| AAAAAAAAAAECGAAA | Francis              | Ramos                          | Francis.Ramos@l.com                                |
| AAAAAAAAAAEDJAAA | Olivia               | Nguyen                         | Olivia.Nguyen@cFqrzeX8.com                         |
| AAAAAAAAAAEDKAAA | Herbert              | Conyers                        | Herbert.Conyers@CTd.org                            |
| AAAAAAAAAAEEDAAA | Julia                | Calderon                       | Julia.Calderon@RBNeIFrSYRK3F.com                   |
| AAAAAAAAAAEEHAAA | Janice               | Mays                           | Janice.Mays@XEb6ibAoQDQB.org                       |
| AAAAAAAAAAEFJAAA | Bobby                | Ferguson                       | Bobby.Ferguson@bv5tQC65pv6.com                     |
+------------------+----------------------+--------------------------------+----------------------------------------------------+
