+------------------+----------------------+--------------------------------+----------------------------------------------------+
| customer_id      | customer_first_name  | customer_last_name             | customer_email_address                             |
+------------------+----------------------+--------------------------------+----------------------------------------------------+
| AAAAAAAAAABECAAA | Sharon               | Thompson                       | Sharon.Thompson@jkE.edu                            |
| AAAAAAAAAACCEAAA | Delphia              | Hall                           | Delphia.Hall@LZb.com                               |
| AAAAAAAAAACGAAAA | Elizabeth            | Martin                         | Elizabeth.Martin@p2MsdEgAM7.com                    |
| AAAAAAAAAADMAAAA | Linda                | Fuller                         | Linda.Fuller@74cRU7hjaf.org                        |
| AAAAAAAAAAEDDAAA | Randall              | Hall                           | Randall.Hall@Z.edu                                 |
| AAAAAAAAAAGNCAAA | Josef                | Tolbert                        | Josef.Tolbert@qt3DB5.com                           |
| AAAAAAAAAAHCBAAA | Alta                 | Merrell                        | Alta.Merrell@5FD1Uo.edu                            |
| AAAAAAAAAAHCEAAA | Dean                 | Hein                           | Dean.Hein@kjjhdMX3f.com                            |
| AAAAAAAAAAJJGAAA | Lourdes              | Burns                          | Lourdes.Burns@a62cFqgmx4n.edu                      |
| AAAAAAAAAALJCAAA | Irma                 | Fuchs                          | Irma.Fuchs@SjQFthzMRay.edu                         |
| AAAAAAAAAAMGGAAA | John                 | Collins                        | John.Collins@UJBHtqhRtV3.edu                       |
| AAAAAAAAABAAAAAA | Margie               | Browning                       | Margie.Browning@LM674NrE2.org                      |
| AAAAAAAAABBIGAAA | Emilia               | Aquino                         | Emilia.Aquino@XH.edu                               |
| AAAAAAAAABCBGAAA | Daniel               | Cook                           | Daniel.Cook@Kujm43q9G2F0.com                       |
| AAAAAAAAABCHEAAA | Eldridge             | Miller                         | Eldridge.Miller@8fMc.com                           |
| AAAAAAAAABDHHAAA | Richard              | Jordan                         | Richard.Jordan@K.com                               |
| AAAAAAAAABFOFAAA | Virginia             | NULL                           | NULL                                               |
| AAAAAAAAABHCEAAA | Nina                 | Cable                          | Nina.Cable@P9pRkLxopmrVn.com                       |
| AAAAAAAAABHPGAAA | NULL                 | NULL                           | NULL                                               |
| AAAAAAAAABJNAAAA | Michael              | Wooten                         | Michael.Wooten@dngqS4qvAjhD.com                    |
| AAAAAAAAABOIFAAA | Edward               | Salerno                        | Edward.Salerno@o4uymoehuPbv.edu                    |
| AAAAAAAAACBPDAAA | Wanetta              | Gordon                         | Wanetta.Gordon@u7x0COjPDTRa0.org                   |
| AAAAAAAAACCADAAA | Donna                | Henderson                      | Donna.Henderson@lm1TAv46OC0.edu                    |
| AAAAAAAAACCCDAAA | Bennie               | Brown                          | Bennie.Brown@4e0kqa0R537.com                       |
| AAAAAAAAACDHDAAA | Russell              | Elliott                        | Russell.Elliott@StvmnioAiV.org                     |
| AAAAAAAAACDICAAA | Harold               | Cox                            | Harold.Cox@hGTaXkRTuzO0E.edu                       |
| AAAAAAAAACGNEAAA | William              | Miller                         | William.Miller@7MGRbM.com                          |
| AAAAAAAAACHCHAAA | Stella               | Gallegos                       | Stella.Gallegos@dqgL7RFfbke.org                    |
| AAAAAAAAACIJAAAA | Scott                | Bentley                        | Scott.Bentley@4tQ2rdQao.edu                        |
| AAAAAAAAACKOGAAA | Julie                | Moore                          | Julie.Moore@EvSVaSg27eY.org                        |
| AAAAAAAAACLACAAA | Arthur               | Walker                         | Arthur.Walker@Nfftb2.edu                           |
| AAAAAAAAACLADAAA | Christopher          | Robertson                      | Christopher.Robertson@0dMvNQigFMD.edu              |
| AAAAAAAAACNNEAAA | Peter                | Brown                          | Peter.Brown@Le5y.edu                               |
| AAAAAAAAACPECAAA | James                | Beltran                        | NULL                                               |
| AAAAAAAAACPKAAAA | Jeffrey              | Diaz                           | Jeffrey.Diaz@ldTKFbRSY.edu                         |
| AAAAAAAAADAOCAAA | Jeff                 | Upchurch                       | Jeff.Upchurch@2SMz8SoAGRYBtOJcyKFi.com             |
| AAAAAAAAADBCFAAA | Karen                | Neal                           | Karen.Neal@gHbJ1BlNMqf.com                         |
| AAAAAAAAADCEHAAA | Jennifer             | Brown                          | Jennifer.Brown@0.com                               |
| AAAAAAAAADDICAAA | Chelsie              | Nelson                         | Chelsie.Nelson@lJXjHrXud.com                       |
| AAAAAAAAADFLDAAA | William              | Vaughn                         | William.Vaughn@Qz.edu                              |
| AAAAAAAAADGDCAAA | Kay                  | Mackey                         | Kay.Mackey@8B2R5Ir.com                             |
| AAAAAAAAADHGFAAA | Juan                 | Contreras                      | Juan.Contreras@hrtxvQ9VcRxu4.com                   |
| AAAAAAAAADHPBAAA | Beulah               | Wu                             | Beulah.Wu@xJ1MvAPTO1t.com                          |
| AAAAAAAAADIJCAAA | Ronnie               | Trent                          | Ronnie.Trent@E5tPBqM5yvZ.com                       |
| AAAAAAAAADJNFAAA | Jaime                | Humphrey                       | Jaime.Humphrey@9p3irnmTjj0yaRlR.org                |
| AAAAAAAAADKCCAAA | Courtney             | Williams                       | Courtney.Williams@fVvl1BKInk8EZ.edu                |
| AAAAAAAAADKIDAAA | Julia                | Bartlett                       | Julia.Bartlett@fTV9aL.com                          |
| AAAAAAAAADKNAAAA | Judy                 | Allen                          | Judy.Allen@0hOjo0d5kJ.com                          |
| AAAAAAAAADLGHAAA | David                | Martinez                       | David.Martinez@5rdR70.com                          |
| AAAAAAAAADMDCAAA | Robert               | James                          | Robert.James@gYcd1YkMCPKVPzyALA.com                |
| AAAAAAAAADMFDAAA | Jeffrey              | Hart                           | Jeffrey.Hart@IfPOKS4Qtycz.com                      |
| AAAAAAAAADMMGAAA | Corey                | Hemphill                       | Corey.Hemphill@Ty0rty2CjIK7a9CQq.com               |
| AAAAAAAAADNGCAAA | Victoria             | Morris                         | Victoria.Morris@5o.edu                             |
| AAAAAAAAADNJHAAA | Odessa               | Boswell                        | Odessa.Boswell@m6TQuEKNiC5.edu                     |
| AAAAAAAAADNPBAAA | Bruce                | Davis                          | Bruce.Davis@UrdKD9363LuFALzoiv.edu                 |
| AAAAAAAAAEAFCAAA | Cheryl               | Ballard                        | Cheryl.Ballard@d7tvimGrMrX.com                     |
| AAAAAAAAAEAJEAAA | Ann                  | Johnson                        | Ann.Johnson@ZPOxD7fED5Jnz.edu                      |
| AAAAAAAAAEBLCAAA | Gertrude             | Knowles                        | Gertrude.Knowles@524gks.com                        |
| AAAAAAAAAEDLDAAA | Jack                 | Cameron                        | Jack.Cameron@nJv9Fq6Vuc0u.com                      |
| AAAAAAAAAEEDFAAA | Michael              | Fernandez                      | Michael.Fernandez@UjTJ7jMBAMro.org                 |
| AAAAAAAAAEFBBAAA | Eugene               | Ball                           | Eugene.Ball@p1.edu                                 |
| AAAAAAAAAEGIAAAA | Jennifer             | Steffen                        | Jennifer.Steffen@peDZDunmef.org                    |
| AAAAAAAAAEHGHAAA | Sean                 | Ralph                          | Sean.Ralph@6OU5sdBQjgSveVt.edu                     |
| AAAAAAAAAEJBGAAA | Marshall             | Green                          | Marshall.Green@Y6Ny9Lj3xS5N.org                    |
| AAAAAAAAAEJEAAAA | Donald               | Castillo                       | Donald.Castillo@S6yY.com                           |
| AAAAAAAAAELFEAAA | Nicholas             | Page                           | Nicholas.Page@h.com                                |
| AAAAAAAAAELJBAAA | Stella               | Murray                         | Stella.Murray@bjtseVS7GPkjSh.edu                   |
| AAAAAAAAAEMGBAAA | Robert               | Swisher                        | Robert.Swisher@cZZScxPnkRX2mAl.edu                 |
| AAAAAAAAAEMNEAAA | Amy                  | Selby                          | Amy.Selby@ukdVxeVdorQdgH.edu                       |
| AAAAAAAAAENAGAAA | Marcia               | Mcewen                         | Marcia.Mcewen@HDcYS4ROCJu7M.edu                    |
| AAAAAAAAAENDAAAA | Kenya                | Bacon                          | Kenya.Bacon@61za.org                               |
| AAAAAAAAAENICAAA | Clemencia            | Snyder                         | Clemencia.Snyder@hOE6.edu                          |
| AAAAAAAAAEOBCAAA | Daniel               | Langford                       | Daniel.Langford@jdrUz369hY9.edu                    |
| AAAAAAAAAEOCBAAA | James                | Hicks                          | James.Hicks@hOvkC00o5e.edu                         |
| AAAAAAAAAEPGDAAA | Mildred              | Sawyer                         | Mildred.Sawyer@lOb1uii7dB.edu                      |
| AAAAAAAAAEPIHAAA | John                 | NULL                           | NULL                                               |
| AAAAAAAAAEPPAAAA | James                | Harris                         | James.Harris@geLxQkgPm.com                         |
| AAAAAAAAAFAFGAAA | NULL                 | NULL                           | NULL                                               |
| AAAAAAAAAFANCAAA | Laurette             | Paris                          | Laurette.Paris@Fr1jXGz.com                         |
| AAAAAAAAAFBAAAAA | Belle                | Day                            | NULL                                               |
| AAAAAAAAAFBPBAAA | Tom                  | Sanchez                        | Tom.Sanchez@rtSldIXBMke.edu                        |
| AAAAAAAAAFCGAAAA | Jordan               | West                           | Jordan.West@mvuXYVYE.edu                           |
| AAAAAAAAAFCNGAAA | Cheryl               | Kelly                          | Cheryl.Kelly@4ycr9.org                             |
| AAAAAAAAAFDCAAAA | Donna                | Brown                          | Donna.Brown@HqDyEcZR2fVLQQ9k.edu                   |
| AAAAAAAAAFEDAAAA | Andrea               | Townsend                       | Andrea.Townsend@Q.org                              |
| AAAAAAAAAFFGBAAA | NULL                 | NULL                           | NULL                                               |
| AAAAAAAAAFGNEAAA | John                 | Lang                           | John.Lang@V10iu.edu                                |
| AAAAAAAAAFIIEAAA | Eric                 | Boone                          | Eric.Boone@4Giicq.org                              |
| AAAAAAAAAFKACAAA | Carla                | King                           | Carla.King@bBlRcBcZ8.edu                           |
| AAAAAAAAAFKBHAAA | Effie                | Creighton                      | Effie.Creighton@cat7.com                           |
| AAAAAAAAAFKIAAAA | Donald               | Yarbrough                      | Donald.Yarbrough@kBSFE5r2M494.edu                  |
| AAAAAAAAAFMEAAAA | Chuck                | Sanchez                        | Chuck.Sanchez@C269NTQFlUc1G3JkMO.com               |
| AAAAAAAAAFMPBAAA | Birgit               | Rice                           | Birgit.Rice@x.org                                  |
| AAAAAAAAAFNAFAAA | David                | Cooke                          | David.Cooke@qCAPv.edu                              |
| AAAAAAAAAFNFCAAA | Jeannie              | Jones                          | Jeannie.Jones@uaJLI0aAE3O.org                      |
| AAAAAAAAAFNGGAAA | Norris               | Humphrey                       | Norris.Humphrey@oY5L3tO.com                        |
| AAAAAAAAAFOLGAAA | Lee                  | Morgan                         | Lee.Morgan@c0jOoBVv3FLL.org                        |
| AAAAAAAAAGAHGAAA | Michelle             | Jackson                        | Michelle.Jackson@O2echNB.edu                       |
| AAAAAAAAAGBJEAAA | NULL                 | Johnson                        | Alexandra.Johnson@YO3FQ3r.org                      |
| AAAAAAAAAGDBCAAA | Shannon              | Cortez                         | Shannon.Cortez@7LleY35OURLCIzXP.org                |
+------------------+----------------------+--------------------------------+----------------------------------------------------+
